{
  "meta": {
    "timestamp_utc": "2026-03-02T11:15:34Z",
    "platform": "Linux-6.14.0-29-generic-x86_64-with-glibc2.39",
    "python": "3.11.14",
    "torch_version": "2.6.0+cu124",
    "cuda_version": "12.4",
    "device": "cuda",
    "gpu_name": "NVIDIA GeForce RTX 2080 Ti",
    "gpu_cc": "7.5",
    "gpu_total_mem_gb": 10.57
  },
  "dtype": "fp16_inputs_int8_quant",
  "warmup_iters": 20,
  "timed_iters": 100,
  "results": [
    {
      "shape": {
        "name": "mlp_expand",
        "M": 1,
        "K": 768,
        "N": 3072
      },
      "act_quant_with_scale": {
        "p50_ms": 0.13147199898958206,
        "p90_ms": 0.1976960003376007,
        "p99_ms": 0.22784000635147095
      },
      "act_quant_fixed_scale": {
        "p50_ms": 0.0583840012550354,
        "p90_ms": 0.05961599946022034,
        "p99_ms": 0.07091200351715088
      },
      "dequant": {
        "p50_ms": 0.028575999662280083,
        "p90_ms": 0.02985600009560585,
        "p99_ms": 0.04095999896526337
      },
      "weight_quant_once_ms": 0.9687039852142334
    },
    {
      "shape": {
        "name": "attn_proj",
        "M": 1,
        "K": 768,
        "N": 768
      },
      "act_quant_with_scale": {
        "p50_ms": 0.1228799968957901,
        "p90_ms": 0.1372160017490387,
        "p99_ms": 0.287200003862381
      },
      "act_quant_fixed_scale": {
        "p50_ms": 0.0607680007815361,
        "p90_ms": 0.06496000289916992,
        "p99_ms": 0.07977599650621414
      },
      "dequant": {
        "p50_ms": 0.02735999971628189,
        "p90_ms": 0.028543999418616295,
        "p99_ms": 0.043007999658584595
      },
      "weight_quant_once_ms": 0.16950400173664093
    },
    {
      "shape": {
        "name": "mlp_expand",
        "M": 512,
        "K": 768,
        "N": 3072
      },
      "act_quant_with_scale": {
        "p50_ms": 0.12344000115990639,
        "p90_ms": 0.13529600203037262,
        "p99_ms": 0.14723199605941772
      },
      "act_quant_fixed_scale": {
        "p50_ms": 0.05819199979305267,
        "p90_ms": 0.06201599910855293,
        "p99_ms": 0.0761599987745285
      },
      "dequant": {
        "p50_ms": 0.04095999896526337,
        "p90_ms": 0.04134399816393852,
        "p99_ms": 0.04614400118589401
      },
      "weight_quant_once_ms": 0.2680000066757202
    },
    {
      "shape": {
        "name": "mlp_project",
        "M": 512,
        "K": 3072,
        "N": 768
      },
      "act_quant_with_scale": {
        "p50_ms": 0.1884160041809082,
        "p90_ms": 0.19251200556755066,
        "p99_ms": 0.20259200036525726
      },
      "act_quant_fixed_scale": {
        "p50_ms": 0.1303199976682663,
        "p90_ms": 0.131071999669075,
        "p99_ms": 0.13196800649166107
      },
      "dequant": {
        "p50_ms": 0.024847999215126038,
        "p90_ms": 0.026079999282956123,
        "p99_ms": 0.029823999851942062
      },
      "weight_quant_once_ms": 0.26611199975013733
    },
    {
      "shape": {
        "name": "mlp_expand",
        "M": 1,
        "K": 4096,
        "N": 16384
      },
      "act_quant_with_scale": {
        "p50_ms": 0.10705600306391716,
        "p90_ms": 0.11446399986743927,
        "p99_ms": 0.12195199728012085
      },
      "act_quant_fixed_scale": {
        "p50_ms": 0.054448001086711884,
        "p90_ms": 0.05564799904823303,
        "p99_ms": 0.061503998935222626
      },
      "dequant": {
        "p50_ms": 0.02470399998128414,
        "p90_ms": 0.02566399984061718,
        "p99_ms": 0.0306560005992651
      },
      "weight_quant_once_ms": 6.389120101928711
    },
    {
      "shape": {
        "name": "mlp_expand",
        "M": 4,
        "K": 4096,
        "N": 16384
      },
      "act_quant_with_scale": {
        "p50_ms": 0.10584000125527382,
        "p90_ms": 0.11427199840545654,
        "p99_ms": 0.1233920007944107
      },
      "act_quant_fixed_scale": {
        "p50_ms": 0.05419199913740158,
        "p90_ms": 0.055296000093221664,
        "p99_ms": 0.05939200147986412
      },
      "dequant": {
        "p50_ms": 0.02470399998128414,
        "p90_ms": 0.025696000084280968,
        "p99_ms": 0.02985600009560585
      },
      "weight_quant_once_ms": 6.264800071716309
    },
    {
      "shape": {
        "name": "attn_proj",
        "M": 512,
        "K": 4096,
        "N": 4096
      },
      "act_quant_with_scale": {
        "p50_ms": 0.2399040013551712,
        "p90_ms": 0.24128000438213348,
        "p99_ms": 0.2460159957408905
      },
      "act_quant_fixed_scale": {
        "p50_ms": 0.16579200327396393,
        "p90_ms": 0.16636799275875092,
        "p99_ms": 0.16921600699424744
      },
      "dequant": {
        "p50_ms": 0.05548800155520439,
        "p90_ms": 0.05648000165820122,
        "p99_ms": 0.05724800005555153
      },
      "weight_quant_once_ms": 1.605728030204773
    },
    {
      "shape": {
        "name": "mlp_expand",
        "M": 2048,
        "K": 4096,
        "N": 16384
      },
      "act_quant_with_scale": {
        "p50_ms": 0.8149279952049255,
        "p90_ms": 0.8241279721260071,
        "p99_ms": 0.830847978591919
      },
      "act_quant_fixed_scale": {
        "p50_ms": 0.5778720080852509,
        "p90_ms": 0.5881279706954956,
        "p99_ms": 0.6014400124549866
      },
      "dequant": {
        "p50_ms": 0.5686880052089691,
        "p90_ms": 0.5702720284461975,
        "p99_ms": 0.5734400153160095
      },
      "weight_quant_once_ms": 6.277120113372803
    }
  ],
  "summary_top3_highest_quant_plus_dequant": [
    {
      "shape": {
        "name": "mlp_expand",
        "M": 2048,
        "K": 4096,
        "N": 16384
      },
      "act_quant_with_scale_p50_ms": 0.8149279952049255,
      "dequant_p50_ms": 0.5686880052089691,
      "sum_p50_ms": 1.3836160004138947,
      "weight_quant_once_ms": 6.277120113372803
    },
    {
      "shape": {
        "name": "attn_proj",
        "M": 512,
        "K": 4096,
        "N": 4096
      },
      "act_quant_with_scale_p50_ms": 0.2399040013551712,
      "dequant_p50_ms": 0.05548800155520439,
      "sum_p50_ms": 0.2953920029103756,
      "weight_quant_once_ms": 1.605728030204773
    },
    {
      "shape": {
        "name": "mlp_project",
        "M": 512,
        "K": 3072,
        "N": 768
      },
      "act_quant_with_scale_p50_ms": 0.1884160041809082,
      "dequant_p50_ms": 0.024847999215126038,
      "sum_p50_ms": 0.21326400339603424,
      "weight_quant_once_ms": 0.26611199975013733
    }
  ]
}